{
  "Bari": {
    "70010": {
      "name": "Cellamare",
      "lat": 40.9090555,
      "lon": 16.9830865
    },
    "70011": {
      "name": "Alberobello",
      "lat": 40.7828164,
      "lon": 17.2311774
    },
    "70013": {
      "name": "Castellana Grotte",
      "lat": 40.8686922,
      "lon": 17.1839024
    },
    "70014": {
      "name": "Conversano",
      "lat": 40.9660562,
      "lon": 17.1248214
    },
    "70015": {
      "name": "Noci",
      "lat": 40.7695615,
      "lon": 17.1248214
    },
    "70016": {
      "name": "Noicattaro",
      "lat": 41.05441709999999,
      "lon": 16.9948945
    },
    "70017": {
      "name": "Putignano",
      "lat": 40.8438073,
      "lon": 17.0893798
    },
    "70018": {
      "name": "Rutigliano",
      "lat": 40.992027,
      "lon": 17.0185123
    },
    "70019": {
      "name": "Triggiano",
      "lat": 41.067345,
      "lon": 16.9417632
    },
    "70020": {
      "name": "Città Metropolitana di Bari",
      "lat": 40.9735386,
      "lon": 16.6173415
    },
    "70021": {
      "name": "Acquaviva delle Fonti",
      "lat": 40.9303721,
      "lon": 16.8414374
    },
    "70022": {
      "name": "Altamura",
      "lat": 40.8312129,
      "lon": 16.5819789
    },
    "70023": {
      "name": "Gioia del Colle",
      "lat": 40.7659039,
      "lon": 16.888644
    },
    "70024": {
      "name": "Gravina in Puglia",
      "lat": 40.8166426,
      "lon": 16.4168218
    },
    "70025": {
      "name": "Grumo Appula",
      "lat": 40.9434139,
      "lon": 16.6880841
    },
    "70026": {
      "name": "Modugno",
      "lat": 41.08636509999999,
      "lon": 16.7824429
    },
    "70027": {
      "name": "Palo del Colle",
      "lat": 41.0450917,
      "lon": 16.6645007
    },
    "70028": {
      "name": "Sannicandro di Bari",
      "lat": 40.9686593,
      "lon": 16.7824429
    },
    "70029": {
      "name": "Santeramo in Colle",
      "lat": 40.7870702,
      "lon": 16.7470536
    },
    "70032": {
      "name": "Bitonto",
      "lat": 41.0751715,
      "lon": 16.5937658
    },
    "70033": {
      "name": "Corato",
      "lat": 41.07854469999999,
      "lon": 16.3699271
    },
    "70037": {
      "name": "Ruvo di Puglia",
      "lat": 41.0647947,
      "lon": 16.4641459
    },
    "70038": {
      "name": "Terlizzi",
      "lat": 41.1293987,
      "lon": 16.5584071
    },
    "70042": {
      "name": "Mola di Bari",
      "lat": 41.0436675,
      "lon": 17.0657549
    },
    "70043": {
      "name": "Monopoli",
      "lat": 40.9050891,
      "lon": 17.2666396
    },
    "70044": {
      "name": "Polignano a Mare",
      "lat": 40.96683489999999,
      "lon": 17.1839024
    },
    "70054": {
      "name": "Giovinazzo",
      "lat": 41.1626862,
      "lon": 16.6645007
    },
    "70056": {
      "name": "Molfetta",
      "lat": 41.1766334,
      "lon": 16.5701927
    },
    "70100": {
      "name": "Bari",
      "lat": 41.1236168,
      "lon": 16.8730594
    },
    "70121": {
      "name": "Bari",
      "lat": 41.1201889,
      "lon": 16.8753662
    },
    "70122": {
      "name": "Bari",
      "lat": 41.1239663,
      "lon": 16.8665147
    },
    "70123": {
      "name": "Bari",
      "lat": 41.1218456,
      "lon": 16.8561884
    },
    "70124": {
      "name": "Bari",
      "lat": 41.0913466,
      "lon": 16.8473377
    },
    "70125": {
      "name": "Bari",
      "lat": 41.0938196,
      "lon": 16.879792
    },
    "70126": {
      "name": "Bari",
      "lat": 41.0985084,
      "lon": 16.9299579
    },
    "70127": {
      "name": "Bari",
      "lat": 41.1561829,
      "lon": 16.7411559
    },
    "70128": {
      "name": "Bari",
      "lat": 41.1428753,
      "lon": 16.7647475
    },
    "70129": {
      "name": "Bari",
      "lat": 41.0423468,
      "lon": 16.8473377
    },
    "70131": {
      "name": "Bari",
      "lat": 41.0742277,
      "lon": 16.879792
    },
    "70132": {
      "name": "Bari",
      "lat": 41.12603110000001,
      "lon": 16.8119382
    }
  },
  "Foggia": {
    "71010": {
      "name": "Provincia di Foggia",
      "lat": 41.8128435,
      "lon": 15.1726816
    },
    "71011": {
      "name": "Apricena",
      "lat": 41.7908288,
      "lon": 15.4771084
    },
    "71012": {
      "name": "Rodi Garganico",
      "lat": 41.9218183,
      "lon": 15.8936224
    },
    "71013": {
      "name": "San Giovanni Rotondo",
      "lat": 41.6739618,
      "lon": 15.7585908
    },
    "71014": {
      "name": "San Marco in Lamis",
      "lat": 41.73250549999999,
      "lon": 15.6177942
    },
    "71015": {
      "name": "San Nicandro Garganico",
      "lat": 41.8555576,
      "lon": 15.5708865
    },
    "71016": {
      "name": "San Severo",
      "lat": 41.6854428,
      "lon": 15.3795527
    },
    "71017": {
      "name": "Torremaggiore",
      "lat": 41.6670974,
      "lon": 15.2428853
    },
    "71018": {
      "name": "Vico del Gargano",
      "lat": 41.8657318,
      "lon": 15.981739
    },
    "71019": {
      "name": "Vieste",
      "lat": 41.8824006,
      "lon": 16.1766915
    },
    "71020": {
      "name": "Provincia di Foggia",
      "lat": 41.2189033,
      "lon": 15.3014109
    },
    "71021": {
      "name": "Accadia",
      "lat": 41.1764241,
      "lon": 15.3248269
    },
    "71022": {
      "name": "Ascoli Satriano",
      "lat": 41.2017377,
      "lon": 15.6412527
    },
    "71023": {
      "name": "Bovino",
      "lat": 41.2682521,
      "lon": 15.3716684
    },
    "71024": {
      "name": "Candela",
      "lat": 41.1246907,
      "lon": 15.5591615
    },
    "71025": {
      "name": "Castelluccio dei Sauri",
      "lat": 41.311054,
      "lon": 15.488828
    },
    "71026": {
      "name": "Deliceto",
      "lat": 41.222598,
      "lon": 15.4185227
    },
    "71027": {
      "name": "Orsara di Puglia",
      "lat": 41.297425,
      "lon": 15.3014109
    },
    "71028": {
      "name": "Sant'Agata di Puglia",
      "lat": 41.138964,
      "lon": 15.3833808
    },
    "71029": {
      "name": "Troia",
      "lat": 41.374476,
      "lon": 15.3833808
    },
    "71030": {
      "name": "Provincia di Foggia",
      "lat": 41.4907402,
      "lon": 15.1025075
    },
    "71031": {
      "name": "Alberona",
      "lat": 41.4371136,
      "lon": 15.1375908
    },
    "71032": {
      "name": "Biccari",
      "lat": 41.4327175,
      "lon": 15.2428853
    },
    "71033": {
      "name": "Casalnuovo Monterotaro",
      "lat": 41.622434,
      "lon": 15.0674317
    },
    "71034": {
      "name": "Castelnuovo della Daunia",
      "lat": 41.5903696,
      "lon": 15.1609838
    },
    "71035": {
      "name": "Celenza Valfortore",
      "lat": 41.55366180000001,
      "lon": 14.9973028
    },
    "71036": {
      "name": "Lucera",
      "lat": 41.4755107,
      "lon": 15.3599568
    },
    "71037": {
      "name": "Monte Sant'Angelo",
      "lat": 41.7252303,
      "lon": 15.9464874
    },
    "71038": {
      "name": "Pietramontecorvino",
      "lat": 41.548162,
      "lon": 15.1843801
    },
    "71039": {
      "name": "Roseto Valfortore",
      "lat": 41.3618842,
      "lon": 15.1142011
    },
    "71040": {
      "name": "Borgo Mezzanone",
      "lat": 41.4205881,
      "lon": 15.7094462
    },
    "71041": {
      "name": "Carapelle",
      "lat": 41.3577405,
      "lon": 15.6823124
    },
    "71042": {
      "name": "Cerignola",
      "lat": 41.2407259,
      "lon": 15.92299
    },
    "71043": {
      "name": "Manfredonia",
      "lat": 41.630806,
      "lon": 15.9165264
    },
    "71045": {
      "name": "Orta Nova",
      "lat": 41.3373329,
      "lon": 15.7233814
    },
    "71047": {
      "name": "Stornara",
      "lat": 41.2916007,
      "lon": 15.7703287
    },
    "71048": {
      "name": "Stornarella",
      "lat": 41.26468819999999,
      "lon": 15.7175138
    },
    "71100": {
      "name": "Foggia",
      "lat": 41.4532336,
      "lon": 15.529825
    },
    "71121": {
      "name": "Foggia",
      "lat": 41.498671,
      "lon": 15.6177942
    },
    "71122": {
      "name": "Foggia",
      "lat": 41.4334745,
      "lon": 15.5239912
    }
  },
  "Brindisi": {
    "72012": {
      "name": "Carovigno",
      "lat": 40.7021636,
      "lon": 17.6616021
    },
    "72013": {
      "name": "Ceglie Messapica",
      "lat": 40.6324778,
      "lon": 17.5031811
    },
    "72014": {
      "name": "Cisternino",
      "lat": 40.7536281,
      "lon": 17.4203669
    },
    "72015": {
      "name": "Fasano",
      "lat": 40.8359173,
      "lon": 17.3967105
    },
    "72016": {
      "name": "Fasano",
      "lat": 40.7803,
      "lon": 17.4780383
    },
    "72017": {
      "name": "Ostuni",
      "lat": 40.7431866,
      "lon": 17.5505152
    },
    "72018": {
      "name": "San Michele Salentino",
      "lat": 40.6081124,
      "lon": 17.627451
    },
    "72019": {
      "name": "San Vito dei Normanni",
      "lat": 40.6501563,
      "lon": 17.7044085
    },
    "72020": {
      "name": "Provincia di Brindisi",
      "lat": 40.4943162,
      "lon": 17.9413323
    },
    "72021": {
      "name": "Francavilla Fontana",
      "lat": 40.5462268,
      "lon": 17.5505152
    },
    "72022": {
      "name": "Latiano",
      "lat": 40.5713693,
      "lon": 17.7044085
    },
    "72023": {
      "name": "Mesagne",
      "lat": 40.5484077,
      "lon": 17.7873095
    },
    "72024": {
      "name": "Oria",
      "lat": 40.4999322,
      "lon": 17.6570475
    },
    "72025": {
      "name": "San Donaci",
      "lat": 40.4565537,
      "lon": 17.8998566
    },
    "72026": {
      "name": "San Pancrazio Salentino",
      "lat": 40.4342586,
      "lon": 17.8228459
    },
    "72027": {
      "name": "San Pietro Vernotico",
      "lat": 40.5064403,
      "lon": 17.9887402
    },
    "72028": {
      "name": "Torre Santa Susanna",
      "lat": 40.4849988,
      "lon": 17.7517775
    },
    "72029": {
      "name": "Villa Castelli",
      "lat": 40.565318,
      "lon": 17.4913489
    },
    "72100": {
      "name": "Brindisi",
      "lat": 40.6330283,
      "lon": 17.941739
    }
  },
  "Lecce": {
    "73010": {
      "name": "Provincia di Lecce",
      "lat": 40.2861119,
      "lon": 18.1310083
    },
    "73011": {
      "name": "Alezio",
      "lat": 40.0399393,
      "lon": 18.059866
    },
    "73012": {
      "name": "Campi Salentina",
      "lat": 40.4039976,
      "lon": 18.0124469
    },
    "73013": {
      "name": "Galatina",
      "lat": 40.1871569,
      "lon": 18.1310083
    },
    "73014": {
      "name": "Gallipoli",
      "lat": 40.0198634,
      "lon": 18.0302282
    },
    "73015": {
      "name": "Salice Salentino",
      "lat": 40.383447,
      "lon": 17.893932
    },
    "73016": {
      "name": "San Cesario di Lecce",
      "lat": 40.3030813,
      "lon": 18.1636206
    },
    "73017": {
      "name": "Sannicola",
      "lat": 40.1032989,
      "lon": 18.0361555
    },
    "73018": {
      "name": "Squinzano",
      "lat": 40.455413,
      "lon": 18.0302282
    },
    "73019": {
      "name": "Trepuzzi",
      "lat": 40.4200963,
      "lon": 18.0657939
    },
    "73020": {
      "name": "Provincia di Lecce",
      "lat": 40.1802336,
      "lon": 18.3563972
    },
    "73021": {
      "name": "Calimera",
      "lat": 40.245298,
      "lon": 18.291137
    },
    "73022": {
      "name": "Corigliano d'Otranto",
      "lat": 40.1612066,
      "lon": 18.2566456
    },
    "73023": {
      "name": "Lizzanello",
      "lat": 40.3241322,
      "lon": 18.2318208
    },
    "73024": {
      "name": "Maglie",
      "lat": 40.1206008,
      "lon": 18.2970692
    },
    "73025": {
      "name": "Martano",
      "lat": 40.2057318,
      "lon": 18.291137
    },
    "73026": {
      "name": "Melendugno",
      "lat": 40.251576,
      "lon": 18.4038672
    },
    "73027": {
      "name": "Minervino di Lecce",
      "lat": 40.08536280000001,
      "lon": 18.4216702
    },
    "73028": {
      "name": "Otranto",
      "lat": 40.1726036,
      "lon": 18.463214
    },
    "73029": {
      "name": "Vernole",
      "lat": 40.3184468,
      "lon": 18.2970692
    },
    "73030": {
      "name": "Provincia di Lecce",
      "lat": 40.0198454,
      "lon": 18.3979331
    },
    "73031": {
      "name": "Alessano",
      "lat": 39.8983561,
      "lon": 18.3207992
    },
    "73032": {
      "name": "Andrano",
      "lat": 39.9859714,
      "lon": 18.3623306
    },
    "73033": {
      "name": "Corsano",
      "lat": 39.8827297,
      "lon": 18.3860652
    },
    "73034": {
      "name": "Gagliano del Capo",
      "lat": 39.8508248,
      "lon": 18.3682641
    },
    "73035": {
      "name": "Miggiano",
      "lat": 39.9658573,
      "lon": 18.3030015
    },
    "73036": {
      "name": "Muro Leccese",
      "lat": 40.1088718,
      "lon": 18.3385977
    },
    "73037": {
      "name": "Poggiardo",
      "lat": 40.0654473,
      "lon": 18.3919991
    },
    "73038": {
      "name": "Spongano",
      "lat": 40.0157487,
      "lon": 18.3623306
    },
    "73039": {
      "name": "Tricase",
      "lat": 39.9502433,
      "lon": 18.3682641
    },
    "73040": {
      "name": "Provincia di Lecce",
      "lat": 39.9458433,
      "lon": 18.273341
    },
    "73041": {
      "name": "Carmiano",
      "lat": 40.3461633,
      "lon": 18.04622
    },
    "73042": {
      "name": "Casarano",
      "lat": 40.02082970000001,
      "lon": 18.1784455
    },
    "73043": {
      "name": "Copertino",
      "lat": 40.2777993,
      "lon": 18.059866
    },
    "73044": {
      "name": "Galatone",
      "lat": 40.1391617,
      "lon": 18.059866
    },
    "73045": {
      "name": "Leverano",
      "lat": 40.2930086,
      "lon": 17.9650353
    },
    "73046": {
      "name": "Matino",
      "lat": 40.0244811,
      "lon": 18.1250791
    },
    "73047": {
      "name": "Monteroni di Lecce",
      "lat": 40.3135342,
      "lon": 18.0835783
    },
    "73048": {
      "name": "Nardò",
      "lat": 40.2020178,
      "lon": 17.9768875
    },
    "73049": {
      "name": "Ruffano",
      "lat": 39.9932862,
      "lon": 18.2258897
    },
    "73050": {
      "name": "Provincia di Lecce",
      "lat": 39.8502343,
      "lon": 18.2496145
    },
    "73051": {
      "name": "Novoli",
      "lat": 40.38252120000001,
      "lon": 18.0539382
    },
    "73052": {
      "name": "Parabita",
      "lat": 40.0542654,
      "lon": 18.1250791
    },
    "73053": {
      "name": "Patù",
      "lat": 39.8246972,
      "lon": 18.3148665
    },
    "73054": {
      "name": "Presicce",
      "lat": 39.8841021,
      "lon": 18.255546
    },
    "73055": {
      "name": "Racale",
      "lat": 39.9604445,
      "lon": 18.059866
    },
    "73056": {
      "name": "Taurisano",
      "lat": 39.9535454,
      "lon": 18.2258897
    },
    "73057": {
      "name": "Taviano",
      "lat": 39.9791184,
      "lon": 18.0852274
    },
    "73058": {
      "name": "Tuglie",
      "lat": 40.0779351,
      "lon": 18.1013637
    },
    "73059": {
      "name": "Ugento",
      "lat": 39.8935289,
      "lon": 18.1665855
    },
    "73100": {
      "name": "Lecce",
      "lat": 40.4010581,
      "lon": 18.214028
    }
  },
  "Taranto": {
    "74010": {
      "name": "Statte",
      "lat": 40.546283,
      "lon": 17.2311774
    },
    "74011": {
      "name": "Castellaneta",
      "lat": 40.5685717,
      "lon": 16.888644
    },
    "74012": {
      "name": "Crispiano",
      "lat": 40.6018804,
      "lon": 17.2548183
    },
    "74013": {
      "name": "Ginosa",
      "lat": 40.5035646,
      "lon": 16.7942405
    },
    "74014": {
      "name": "Laterza",
      "lat": 40.6617088,
      "lon": 16.7942405
    },
    "74015": {
      "name": "Martina Franca",
      "lat": 40.701205,
      "lon": 17.3139304
    },
    "74016": {
      "name": "Massafra",
      "lat": 40.6118855,
      "lon": 17.1248214
    },
    "74017": {
      "name": "Mottola",
      "lat": 40.6656937,
      "lon": 17.0303221
    },
    "74018": {
      "name": "Palagianello",
      "lat": 40.5857858,
      "lon": 16.9712791
    },
    "74019": {
      "name": "Palagiano",
      "lat": 40.55889560000001,
      "lon": 17.0185123
    },
    "74020": {
      "name": "Provincia di Taranto",
      "lat": 40.358449,
      "lon": 17.7399345
    },
    "74021": {
      "name": "Carosino",
      "lat": 40.4735984,
      "lon": 17.4144526
    },
    "74022": {
      "name": "Fragagnano",
      "lat": 40.4307472,
      "lon": 17.4676861
    },
    "74023": {
      "name": "Grottaglie",
      "lat": 40.536876,
      "lon": 17.4203669
    },
    "74024": {
      "name": "Manduria",
      "lat": 40.3733605,
      "lon": 17.6452085
    },
    "74025": {
      "name": "Marina di Ginosa",
      "lat": 40.4274337,
      "lon": 16.8812673
    },
    "74026": {
      "name": "Pulsano",
      "lat": 40.3721155,
      "lon": 17.3671431
    },
    "74027": {
      "name": "San Giorgio Ionico",
      "lat": 40.4651772,
      "lon": 17.3730563
    },
    "74028": {
      "name": "Sava",
      "lat": 40.3999197,
      "lon": 17.5386809
    },
    "74121": {
      "name": "Taranto",
      "lat": 40.4761137,
      "lon": 17.3021069
    },
    "74122": {
      "name": "Taranto",
      "lat": 40.4167751,
      "lon": 17.3021069
    },
    "74123": {
      "name": "Taranto",
      "lat": 40.5039412,
      "lon": 17.3139304
    }
  },
  "Barletta-Andria-Trani": {
    "76011": {
      "name": "Bisceglie",
      "lat": 41.2100697,
      "lon": 16.4759262
    },
    "76012": {
      "name": "Canosa di Puglia",
      "lat": 41.2369243,
      "lon": 16.0875326
    },
    "76013": {
      "name": "Minervino Murge",
      "lat": 41.0569786,
      "lon": 16.1110501
    },
    "76014": {
      "name": "Spinazzola",
      "lat": 40.9552754,
      "lon": 16.1345705
    },
    "76015": {
      "name": "Trinitapoli",
      "lat": 41.3543413,
      "lon": 16.0875326
    },
    "76016": {
      "name": "Margherita di Savoia",
      "lat": 41.3523079,
      "lon": 16.1698563
    },
    "76017": {
      "name": "San Ferdinando di Puglia",
      "lat": 41.2909154,
      "lon": 16.0522616
    },
    "76121": {
      "name": "Barletta",
      "lat": 41.29495170000001,
      "lon": 16.22868
    },
    "76123": {
      "name": "Andria",
      "lat": 41.1382473,
      "lon": 16.22868
    },
    "76125": {
      "name": "Trani",
      "lat": 41.2434128,
      "lon": 16.3817021
    }
  }
}